kreis,datumstd,datum,anzahlM,anzahlE,anzahlEM,verstorben,verstorbenE,verstorbenM,hospitalisiert,genesen,r,anzahlMKumuliert,anzahlEKumuliert,hospitalisiertKumuliert,verstorbenKumuliert,verstorbenEKumuliert,verstorbenMKumuliert,genesenKumuliert,krankKumuliert,anzahlM7Tage,anzahlE7Tage,verstorben7Tage,verstorbenE7Tage,verstorbenM7Tage,hospitalisiert7Tage,rateMKumuliert,rateEKumuliert,anteilVerstorbenM,rateVerstorbenKumuliert,anteilVerstorbenEKumuliert,anteilVerstorbenMKumuliert,rateM7Tage,rateE7Tage,rateVerstorben7Tage,anteilVerstorbenE7Tage,anteilVerstorbenM7Tage,anzahlMKumuliertVortag,rateM7TageVortag,verstorbenKumuliertVortag,anzahlEA70,anzahlEA80,anzahlEA90,genesenA70,genesenA80,genesenA90,anzahlEA70Kumuliert,anzahlEA80Kumuliert,anzahlEA90Kumuliert,genesenA70Kumuliert,genesenA80Kumuliert,genesenA90Kumuliert,krankA70Kumuliert,krankA80Kumuliert,krankA90Kumuliert,anzahlMA00,anzahlMA10,anzahlMA20,anzahlMA30,anzahlMA40,anzahlMA50,anzahlMA60,anzahlMA70,anzahlMA80,anzahlMA90,anzahlMA00M,anzahlMA10M,anzahlMA20M,anzahlMA30M,anzahlMA40M,anzahlMA50M,anzahlMA60M,anzahlMA70M,anzahlMA80M,anzahlMA90M,anzahlMAGM,anzahlMA00W,anzahlMA10W,anzahlMA20W,anzahlMA30W,anzahlMA40W,anzahlMA50W,anzahlMA60W,anzahlMA70W,anzahlMA80W,anzahlMA90W,anzahlMAGW,anzahlMA00D,anzahlMA10D,anzahlMA20D,anzahlMA30D,anzahlMA40D,anzahlMA50D,anzahlMA60D,anzahlMA70D,anzahlMA80D,anzahlMA90D,anzahlMAGD,hospitalisiertA00,hospitalisiertA10,hospitalisiertA20,hospitalisiertA30,hospitalisiertA40,hospitalisiertA50,hospitalisiertA60,hospitalisiertA70,hospitalisiertA80,hospitalisiertA90,hospitalisiertA00M,hospitalisiertA10M,hospitalisiertA20M,hospitalisiertA30M,hospitalisiertA40M,hospitalisiertA50M,hospitalisiertA60M,hospitalisiertA70M,hospitalisiertA80M,hospitalisiertA90M,hospitalisiertAGM,hospitalisiertA00W,hospitalisiertA10W,hospitalisiertA20W,hospitalisiertA30W,hospitalisiertA40W,hospitalisiertA50W,hospitalisiertA60W,hospitalisiertA70W,hospitalisiertA80W,hospitalisiertA90W,hospitalisiertAGW,verstorbenA00,verstorbenA10,verstorbenA20,verstorbenA30,verstorbenA40,verstorbenA50,verstorbenA60,verstorbenA70,verstorbenA80,verstorbenA90,verstorbenA00M,verstorbenA10M,verstorbenA20M,verstorbenA30M,verstorbenA40M,verstorbenA50M,verstorbenA60M,verstorbenA70M,verstorbenA80M,verstorbenA90M,verstorbenAGM,verstorbenA00W,verstorbenA10W,verstorbenA20W,verstorbenA30W,verstorbenA40W,verstorbenA50W,verstorbenA60W,verstorbenA70W,verstorbenA80W,verstorbenA90W,verstorbenAGW,anzahlMA00Kumuliert,anzahlMA10Kumuliert,anzahlMA20Kumuliert,anzahlMA30Kumuliert,anzahlMA40Kumuliert,anzahlMA50Kumuliert,anzahlMA60Kumuliert,anzahlMA70Kumuliert,anzahlMA80Kumuliert,anzahlMA90Kumuliert,anzahlMA00MKumuliert,anzahlMA10MKumuliert,anzahlMA20MKumuliert,anzahlMA30MKumuliert,anzahlMA40MKumuliert,anzahlMA50MKumuliert,anzahlMA60MKumuliert,anzahlMA70MKumuliert,anzahlMA80MKumuliert,anzahlMA90MKumuliert,anzahlMAGMKumuliert,anzahlMA00WKumuliert,anzahlMA10WKumuliert,anzahlMA20WKumuliert,anzahlMA30WKumuliert,anzahlMA40WKumuliert,anzahlMA50WKumuliert,anzahlMA60WKumuliert,anzahlMA70WKumuliert,anzahlMA80WKumuliert,anzahlMA90WKumuliert,anzahlMAGWKumuliert,anzahlMA00DKumuliert,anzahlMA10DKumuliert,anzahlMA20DKumuliert,anzahlMA30DKumuliert,anzahlMA40DKumuliert,anzahlMA50DKumuliert,anzahlMA60DKumuliert,anzahlMA70DKumuliert,anzahlMA80DKumuliert,anzahlMA90DKumuliert,anzahlMAGDKumuliert,hospitalisiertA00Kumuliert,hospitalisiertA10Kumuliert,hospitalisiertA20Kumuliert,hospitalisiertA30Kumuliert,hospitalisiertA40Kumuliert,hospitalisiertA50Kumuliert,hospitalisiertA60Kumuliert,hospitalisiertA70Kumuliert,hospitalisiertA80Kumuliert,hospitalisiertA90Kumuliert,hospitalisiertA00MKumuliert,hospitalisiertA10MKumuliert,hospitalisiertA20MKumuliert,hospitalisiertA30MKumuliert,hospitalisiertA40MKumuliert,hospitalisiertA50MKumuliert,hospitalisiertA60MKumuliert,hospitalisiertA70MKumuliert,hospitalisiertA80MKumuliert,hospitalisiertA90MKumuliert,hospitalisiertAGMKumuliert,hospitalisiertA00WKumuliert,hospitalisiertA10WKumuliert,hospitalisiertA20WKumuliert,hospitalisiertA30WKumuliert,hospitalisiertA40WKumuliert,hospitalisiertA50WKumuliert,hospitalisiertA60WKumuliert,hospitalisiertA70WKumuliert,hospitalisiertA80WKumuliert,hospitalisiertA90WKumuliert,hospitalisiertAGWKumuliert,verstorbenA00Kumuliert,verstorbenA10Kumuliert,verstorbenA20Kumuliert,verstorbenA30Kumuliert,verstorbenA40Kumuliert,verstorbenA50Kumuliert,verstorbenA60Kumuliert,verstorbenA70Kumuliert,verstorbenA80Kumuliert,verstorbenA90Kumuliert,verstorbenA00MKumuliert,verstorbenA10MKumuliert,verstorbenA20MKumuliert,verstorbenA30MKumuliert,verstorbenA40MKumuliert,verstorbenA50MKumuliert,verstorbenA60MKumuliert,verstorbenA70MKumuliert,verstorbenA80MKumuliert,verstorbenA90MKumuliert,verstorbenAGMKumuliert,verstorbenA00WKumuliert,verstorbenA10WKumuliert,verstorbenA20WKumuliert,verstorbenA30WKumuliert,verstorbenA40WKumuliert,verstorbenA50WKumuliert,verstorbenA60WKumuliert,verstorbenA70WKumuliert,verstorbenA80WKumuliert,verstorbenA90WKumuliert,verstorbenAGWKumuliert,anzahlMA007Tage,anzahlMA107Tage,anzahlMA207Tage,anzahlMA307Tage,anzahlMA407Tage,anzahlMA507Tage,anzahlMA607Tage,anzahlMA707Tage,anzahlMA807Tage,anzahlMA907Tage,anzahlMA00M7Tage,anzahlMA10M7Tage,anzahlMA20M7Tage,anzahlMA30M7Tage,anzahlMA40M7Tage,anzahlMA50M7Tage,anzahlMA60M7Tage,anzahlMA70M7Tage,anzahlMA80M7Tage,anzahlMA90M7Tage,anzahlMA00W7Tage,anzahlMA10W7Tage,anzahlMA20W7Tage,anzahlMA30W7Tage,anzahlMA40W7Tage,anzahlMA50W7Tage,anzahlMA60W7Tage,anzahlMA70W7Tage,anzahlMA80W7Tage,anzahlMA90W7Tage,rateMA00Kumuliert,rateMA10Kumuliert,rateMA20Kumuliert,rateMA30Kumuliert,rateMA40Kumuliert,rateMA50Kumuliert,rateMA60Kumuliert,rateMA70Kumuliert,rateMA80Kumuliert,rateMA90Kumuliert,rateMA00MKumuliert,rateMA10MKumuliert,rateMA20MKumuliert,rateMA30MKumuliert,rateMA40MKumuliert,rateMA50MKumuliert,rateMA60MKumuliert,rateMA70MKumuliert,rateMA80MKumuliert,rateMA90MKumuliert,rateMAGMKumuliert,rateMA00WKumuliert,rateMA10WKumuliert,rateMA20WKumuliert,rateMA30WKumuliert,rateMA40WKumuliert,rateMA50WKumuliert,rateMA60WKumuliert,rateMA70WKumuliert,rateMA80WKumuliert,rateMA90WKumuliert,rateMAGWKumuliert,anteilVerstorbenA00Kumuliert,anteilVerstorbenA10Kumuliert,anteilVerstorbenA20Kumuliert,anteilVerstorbenA30Kumuliert,anteilVerstorbenA40Kumuliert,anteilVerstorbenA50Kumuliert,anteilVerstorbenA60Kumuliert,anteilVerstorbenA70Kumuliert,anteilVerstorbenA80Kumuliert,anteilVerstorbenA90Kumuliert,anteilVerstorbenA00MKumuliert,anteilVerstorbenA10MKumuliert,anteilVerstorbenA20MKumuliert,anteilVerstorbenA30MKumuliert,anteilVerstorbenA40MKumuliert,anteilVerstorbenA50MKumuliert,anteilVerstorbenA60MKumuliert,anteilVerstorbenA70MKumuliert,anteilVerstorbenA80MKumuliert,anteilVerstorbenA90MKumuliert,anteilVerstorbenA00WKumuliert,anteilVerstorbenA10WKumuliert,anteilVerstorbenA20WKumuliert,anteilVerstorbenA30WKumuliert,anteilVerstorbenA40WKumuliert,anteilVerstorbenA50WKumuliert,anteilVerstorbenA60WKumuliert,anteilVerstorbenA70WKumuliert,anteilVerstorbenA80WKumuliert,anteilVerstorbenA90WKumuliert
5966,2021-06-20,20.06.2021,0,0,0,0,0,0,0,1,,5837,5838,508,162,163,163,5600,30,17,14,0,0,0,1,4357.433,4358.180,0.000,120.936,2.792,2.793,12.691,10.451,0.000,0.000,0.000,5837,13.437,162,0,0,0,0,0,0,338,362,124,302,281,94,40,80,30,0,0,0,0,0,0,0,0,0,0,0,0,0,0,0,0,0,0,0,0,0,0,0,0,0,0,0,0,0,0,0,0,0,0,0,0,0,0,0,0,0,0,0,0,0,0,0,0,0,0,0,0,0,0,0,0,0,0,0,0,0,0,0,0,0,0,0,0,0,0,0,0,0,0,0,0,0,0,0,0,0,0,0,0,0,0,0,0,0,0,0,0,0,0,0,0,0,0,0,0,0,0,0,0,0,0,0,0,0,0,0,0,0,0,0,0,0,0,0,0,0,0,0,0,0,0,0,0,0,0,0,0,0,0,0,0,0,0,0,0,0,0,0,0,0,0,0,0,0,0,0,0,0,0,0,0,0,0,0,0,0,0,0,0,0,0,0,0,0,0,0,0,0,0,0,0,0,0,0,0,0,0,0,0,0,0,0,0,0,0,0,0,0,0,0,0,0,0,0,0,0,0,0,0,0,0,0,0,0,0,0,0,0,0,1,8,4,1,0,2,1,0,0,0,0,0,0,0,0,0,0,0,0,0,0,0,0,0,0,0,0,0,0,0,0.000,0.000,0.000,0.000,0.000,0.000,0.000,0.000,0.000,0.000,0.000,0.000,0.000,0.000,0.000,0.000,0.000,0.000,0.000,0.000,0.000,0.000,0.000,0.000,0.000,0.000,0.000,0.000,0.000,0.000,0.000,0.000,0.000,0.000,0.000,0.000,0.000,0.000,0.000,0.000,0.000,0.000,0.000,0.000,0.000,0.000,0.000,0.000,0.000,0.000,0.000,0.000,0.000,0.000,0.000,0.000,0.000,0.000,0.000,0.000,0.000,0.000
5966,2021-06-21,21.06.2021,1,0,1,0,1,1,0,1,,5838,5839,508,162,164,164,5600,30,17,13,0,1,1,1,4358.180,4358.927,100.000,120.936,2.809,2.809,12.691,9.705,0.000,7.692,5.882,5837,12.691,162,0,1,0,0,0,0,338,363,124,302,281,94,40,80,30,0,0,0,0,0,0,0,0,1,0,0,0,0,0,0,0,0,0,1,0,1,0,0,0,0,0,0,0,0,0,0,0,0,0,0,0,0,0,0,0,0,0,0,0,0,0,0,0,0,0,0,0,0,0,0,0,0,0,0,0,0,0,0,0,0,0,0,0,0,0,0,0,0,0,0,0,0,0,0,0,0,0,0,0,0,0,0,0,0,0,0,0,0,0,0,0,0,0,0,0,0,0,0,0,0,0,0,0,0,0,0,0,0,0,0,0,0,0,0,0,0,0,0,0,0,0,0,0,0,0,0,0,0,0,0,0,0,0,0,0,0,0,0,0,0,0,0,0,0,0,0,0,0,0,0,0,0,0,0,0,0,0,0,0,0,0,0,0,0,0,0,0,0,0,0,0,0,0,0,0,0,0,0,0,0,0,0,0,0,0,0,0,0,0,0,0,0,0,0,0,0,0,0,0,0,0,0,0,0,0,0,0,0,0,1,8,4,1,0,1,1,0,1,0,0,0,0,0,0,0,0,0,0,0,0,0,0,0,0,0,0,0,0,0,0.000,0.000,0.000,0.000,0.000,0.000,0.000,0.000,0.000,0.000,0.000,0.000,0.000,0.000,0.000,0.000,0.000,0.000,0.000,0.000,0.000,0.000,0.000,0.000,0.000,0.000,0.000,0.000,0.000,0.000,0.000,0.000,0.000,0.000,0.000,0.000,0.000,0.000,0.000,0.000,0.000,0.000,0.000,0.000,0.000,0.000,0.000,0.000,0.000,0.000,0.000,0.000,0.000,0.000,0.000,0.000,0.000,0.000,0.000,0.000,0.000,0.000
5966,2021-06-22,22.06.2021,0,0,0,0,0,0,0,3,,5838,5839,508,162,164,164,5600,30,7,7,0,1,1,1,4358.180,4358.927,0.000,120.936,2.809,2.809,5.226,5.226,0.000,14.286,14.286,5838,12.691,162,0,0,0,0,0,0,338,363,124,302,281,94,40,80,30,0,0,0,0,0,0,0,0,0,0,0,0,0,0,0,0,0,0,0,0,0,0,0,0,0,0,0,0,0,0,0,0,0,0,0,0,0,0,0,0,0,0,0,0,0,0,0,0,0,0,0,0,0,0,0,0,0,0,0,0,0,0,0,0,0,0,0,0,0,0,0,0,0,0,0,0,0,0,0,0,0,0,0,0,0,0,0,0,0,0,0,0,0,0,0,0,0,0,0,0,0,0,0,0,0,0,0,0,0,0,0,0,0,0,0,0,0,0,0,0,0,0,0,0,0,0,0,0,0,0,0,0,0,0,0,0,0,0,0,0,0,0,0,0,0,0,0,0,0,0,0,0,0,0,0,0,0,0,0,0,0,0,0,0,0,0,0,0,0,0,0,0,0,0,0,0,0,0,0,0,0,0,0,0,0,0,0,0,0,0,0,0,0,0,0,0,0,0,0,0,0,0,0,0,0,0,0,0,0,0,0,0,0,0,1,1,2,1,0,0,1,0,1,0,0,0,0,0,0,0,0,0,0,0,0,0,0,0,0,0,0,0,0,0,0.000,0.000,0.000,0.000,0.000,0.000,0.000,0.000,0.000,0.000,0.000,0.000,0.000,0.000,0.000,0.000,0.000,0.000,0.000,0.000,0.000,0.000,0.000,0.000,0.000,0.000,0.000,0.000,0.000,0.000,0.000,0.000,0.000,0.000,0.000,0.000,0.000,0.000,0.000,0.000,0.000,0.000,0.000,0.000,0.000,0.000,0.000,0.000,0.000,0.000,0.000,0.000,0.000,0.000,0.000,0.000,0.000,0.000,0.000,0.000,0.000,0.000
5966,2021-06-23,23.06.2021,0,1,0,0,0,0,0,4,,5838,5840,508,162,164,164,5700,30,4,6,0,1,1,1,4358.180,4359.673,0.000,120.936,2.808,2.809,2.986,4.479,0.000,16.667,25.000,5838,5.226,162,0,0,0,0,1,0,338,363,124,302,282,94,40,80,30,0,0,0,0,0,0,0,0,0,0,0,0,0,0,0,0,0,0,0,0,0,0,0,0,0,0,0,0,0,0,0,0,0,0,0,0,0,0,0,0,0,0,0,0,0,0,0,0,0,0,0,0,0,0,0,0,0,0,0,0,0,0,0,0,0,0,0,0,0,0,0,0,0,0,0,0,0,0,0,0,0,0,0,0,0,0,0,0,0,0,0,0,0,0,0,0,0,0,0,0,0,0,0,0,0,0,0,0,0,0,0,0,0,0,0,0,0,0,0,0,0,0,0,0,0,0,0,0,0,0,0,0,0,0,0,0,0,0,0,0,0,0,0,0,0,0,0,0,0,0,0,0,0,0,0,0,0,0,0,0,0,0,0,0,0,0,0,0,0,0,0,0,0,0,0,0,0,0,0,0,0,0,0,0,0,0,0,0,0,0,0,0,0,0,0,0,0,0,0,0,0,0,0,0,0,0,0,0,0,0,0,0,0,0,0,0,2,1,0,0,0,0,1,0,0,0,0,0,0,0,0,0,0,0,0,0,0,0,0,0,0,0,0,0,0.000,0.000,0.000,0.000,0.000,0.000,0.000,0.000,0.000,0.000,0.000,0.000,0.000,0.000,0.000,0.000,0.000,0.000,0.000,0.000,0.000,0.000,0.000,0.000,0.000,0.000,0.000,0.000,0.000,0.000,0.000,0.000,0.000,0.000,0.000,0.000,0.000,0.000,0.000,0.000,0.000,0.000,0.000,0.000,0.000,0.000,0.000,0.000,0.000,0.000,0.000,0.000,0.000,0.000,0.000,0.000,0.000,0.000,0.000,0.000,0.000,0.000
5966,2021-06-24,24.06.2021,2,0,1,1,0,0,0,0,,5840,5841,508,163,164,164,5700,30,3,4,1,1,1,1,4359.673,4360.420,0.000,121.683,2.808,2.808,2.240,2.986,0.000,25.000,33.333,5838,2.986,162,0,1,0,0,0,0,338,364,124,302,282,94,40,80,30,1,0,0,0,0,0,0,0,1,0,1,0,0,0,0,0,0,0,0,0,1,0,0,0,0,0,0,0,0,1,0,1,0,0,0,0,0,0,0,0,0,0,0,0,0,0,0,0,0,0,0,0,0,0,0,0,0,0,0,0,0,0,0,0,0,0,0,0,0,0,0,0,0,0,0,0,0,0,0,0,0,1,0,0,0,0,0,0,0,0,0,1,0,0,0,1,0,0,0,0,0,0,0,0,0,0,0,0,0,0,0,0,0,0,0,0,0,0,0,0,0,0,0,0,0,0,0,0,0,0,0,0,0,0,0,0,0,0,0,0,0,0,0,0,0,0,0,0,0,0,0,0,0,0,0,0,0,0,0,0,0,0,0,0,0,0,0,0,0,0,0,0,0,0,0,0,0,0,0,0,0,0,0,0,0,0,0,0,0,0,0,0,0,0,0,0,0,0,0,0,0,0,0,0,0,0,0,0,0,0,0,0,0,0,1,0,0,0,0,0,0,0,2,0,0,0,0,0,0,0,0,0,0,0,0,0,0,0,0,0,0,0,0,0,0.000,0.000,0.000,0.000,0.000,0.000,0.000,0.000,0.000,0.000,0.000,0.000,0.000,0.000,0.000,0.000,0.000,0.000,0.000,0.000,0.000,0.000,0.000,0.000,0.000,0.000,0.000,0.000,0.000,0.000,0.000,0.000,0.000,0.000,0.000,0.000,0.000,0.000,0.000,0.000,0.000,0.000,0.000,0.000,0.000,0.000,0.000,0.000,0.000,0.000,0.000,0.000,0.000,0.000,0.000,0.000,0.000,0.000,0.000,0.000,0.000,0.000
5966,2021-06-25,25.06.2021,0,0,0,0,0,0,0,2,,5840,5841,508,163,164,164,5700,20,3,4,1,1,1,0,4359.673,4360.420,0.000,121.683,2.808,2.808,2.240,2.986,0.000,25.000,33.333,5840,2.240,163,0,0,0,0,0,0,338,364,124,302,282,94,40,80,30,0,0,0,0,0,0,0,0,0,0,0,0,0,0,0,0,0,0,0,0,0,0,0,0,0,0,0,0,0,0,0,0,0,0,0,0,0,0,0,0,0,0,0,0,0,0,0,0,0,0,0,0,0,0,0,0,0,0,0,0,0,0,0,0,0,0,0,0,0,0,0,0,0,0,0,0,0,0,0,0,0,0,0,0,0,0,0,0,0,0,0,0,0,0,0,0,0,0,0,0,0,0,0,0,0,0,0,0,0,0,0,0,0,0,0,0,0,0,0,0,0,0,0,0,0,0,0,0,0,0,0,0,0,0,0,0,0,0,0,0,0,0,0,0,0,0,0,0,0,0,0,0,0,0,0,0,0,0,0,0,0,0,0,0,0,0,0,0,0,0,0,0,0,0,0,0,0,0,0,0,0,0,0,0,0,0,0,0,0,0,0,0,0,0,0,0,0,0,0,0,0,0,0,0,0,0,0,0,0,0,0,0,0,0,1,0,0,0,0,0,0,0,2,0,0,0,0,0,0,0,0,0,0,0,0,0,0,0,0,0,0,0,0,0,0.000,0.000,0.000,0.000,0.000,0.000,0.000,0.000,0.000,0.000,0.000,0.000,0.000,0.000,0.000,0.000,0.000,0.000,0.000,0.000,0.000,0.000,0.000,0.000,0.000,0.000,0.000,0.000,0.000,0.000,0.000,0.000,0.000,0.000,0.000,0.000,0.000,0.000,0.000,0.000,0.000,0.000,0.000,0.000,0.000,0.000,0.000,0.000,0.000,0.000,0.000,0.000,0.000,0.000,0.000,0.000,0.000,0.000,0.000,0.000,0.000,0.000
5966,2021-06-26,26.06.2021,0,0,0,0,0,0,0,1,,5840,5841,508,163,164,164,5700,20,3,3,1,1,1,0,4359.673,4360.420,0.000,121.683,2.808,2.808,2.240,2.240,0.000,33.333,33.333,5840,2.240,163,0,0,0,0,0,0,338,364,124,302,282,94,40,80,30,0,0,0,0,0,0,0,0,0,0,0,0,0,0,0,0,0,0,0,0,0,0,0,0,0,0,0,0,0,0,0,0,0,0,0,0,0,0,0,0,0,0,0,0,0,0,0,0,0,0,0,0,0,0,0,0,0,0,0,0,0,0,0,0,0,0,0,0,0,0,0,0,0,0,0,0,0,0,0,0,0,0,0,0,0,0,0,0,0,0,0,0,0,0,0,0,0,0,0,0,0,0,0,0,0,0,0,0,0,0,0,0,0,0,0,0,0,0,0,0,0,0,0,0,0,0,0,0,0,0,0,0,0,0,0,0,0,0,0,0,0,0,0,0,0,0,0,0,0,0,0,0,0,0,0,0,0,0,0,0,0,0,0,0,0,0,0,0,0,0,0,0,0,0,0,0,0,0,0,0,0,0,0,0,0,0,0,0,0,0,0,0,0,0,0,0,0,0,0,0,0,0,0,0,0,0,0,0,0,0,0,0,0,0,1,0,0,0,0,0,0,0,2,0,0,0,0,0,0,0,0,0,0,0,0,0,0,0,0,0,0,0,0,0,0.000,0.000,0.000,0.000,0.000,0.000,0.000,0.000,0.000,0.000,0.000,0.000,0.000,0.000,0.000,0.000,0.000,0.000,0.000,0.000,0.000,0.000,0.000,0.000,0.000,0.000,0.000,0.000,0.000,0.000,0.000,0.000,0.000,0.000,0.000,0.000,0.000,0.000,0.000,0.000,0.000,0.000,0.000,0.000,0.000,0.000,0.000,0.000,0.000,0.000,0.000,0.000,0.000,0.000,0.000,0.000,0.000,0.000,0.000,0.000,0.000,0.000
5966,2021-06-27,27.06.2021,0,0,0,0,0,0,0,1,,5840,5841,508,163,164,164,5700,20,3,3,1,1,1,0,4359.673,4360.420,0.000,121.683,2.808,2.808,2.240,2.240,0.000,33.333,33.333,5840,2.240,163,0,0,0,0,0,0,338,364,124,302,282,94,40,80,30,0,0,0,0,0,0,0,0,0,0,0,0,0,0,0,0,0,0,0,0,0,0,0,0,0,0,0,0,0,0,0,0,0,0,0,0,0,0,0,0,0,0,0,0,0,0,0,0,0,0,0,0,0,0,0,0,0,0,0,0,0,0,0,0,0,0,0,0,0,0,0,0,0,0,0,0,0,0,0,0,0,0,0,0,0,0,0,0,0,0,0,0,0,0,0,0,0,0,0,0,0,0,0,0,0,0,0,0,0,0,0,0,0,0,0,0,0,0,0,0,0,0,0,0,0,0,0,0,0,0,0,0,0,0,0,0,0,0,0,0,0,0,0,0,0,0,0,0,0,0,0,0,0,0,0,0,0,0,0,0,0,0,0,0,0,0,0,0,0,0,0,0,0,0,0,0,0,0,0,0,0,0,0,0,0,0,0,0,0,0,0,0,0,0,0,0,0,0,0,0,0,0,0,0,0,0,0,0,0,0,0,0,0,0,1,0,0,0,0,0,0,0,2,0,0,0,0,0,0,0,0,0,0,0,0,0,0,0,0,0,0,0,0,0,0.000,0.000,0.000,0.000,0.000,0.000,0.000,0.000,0.000,0.000,0.000,0.000,0.000,0.000,0.000,0.000,0.000,0.000,0.000,0.000,0.000,0.000,0.000,0.000,0.000,0.000,0.000,0.000,0.000,0.000,0.000,0.000,0.000,0.000,0.000,0.000,0.000,0.000,0.000,0.000,0.000,0.000,0.000,0.000,0.000,0.000,0.000,0.000,0.000,0.000,0.000,0.000,0.000,0.000,0.000,0.000,0.000,0.000,0.000,0.000,0.000,0.000
5966,2021-06-28,28.06.2021,1,0,0,0,0,0,0,1,,5841,5841,508,163,164,164,5700,20,3,2,1,0,0,0,4360.420,4360.420,0.000,121.683,2.808,2.808,2.240,1.493,0.000,0.000,0.000,5840,2.240,163,0,0,0,0,0,0,338,364,124,302,282,94,40,80,30,0,0,0,0,0,1,0,0,0,0,0,0,0,0,0,1,0,0,0,0,1,0,0,0,0,0,0,0,0,0,0,0,0,0,0,0,0,0,0,0,0,0,0,0,0,0,0,0,0,0,0,0,0,0,0,0,0,0,0,0,0,0,0,0,0,0,0,0,0,0,0,0,0,0,0,0,0,0,0,0,0,0,0,0,0,0,0,0,0,0,0,0,0,0,0,0,0,0,0,0,0,0,0,0,0,0,0,0,0,0,0,0,0,0,0,0,0,0,0,0,0,0,0,0,0,0,0,0,0,0,0,0,0,0,0,0,0,0,0,0,0,0,0,0,0,0,0,0,0,0,0,0,0,0,0,0,0,0,0,0,0,0,0,0,0,0,0,0,0,0,0,0,0,0,0,0,0,0,0,0,0,0,0,0,0,0,0,0,0,0,0,0,0,0,0,0,0,0,0,0,0,0,0,0,0,0,0,0,0,0,0,0,0,0,1,0,0,0,0,1,0,0,1,0,0,0,0,0,0,0,0,0,0,0,0,0,0,0,0,0,0,0,0,0,0.000,0.000,0.000,0.000,0.000,0.000,0.000,0.000,0.000,0.000,0.000,0.000,0.000,0.000,0.000,0.000,0.000,0.000,0.000,0.000,0.000,0.000,0.000,0.000,0.000,0.000,0.000,0.000,0.000,0.000,0.000,0.000,0.000,0.000,0.000,0.000,0.000,0.000,0.000,0.000,0.000,0.000,0.000,0.000,0.000,0.000,0.000,0.000,0.000,0.000,0.000,0.000,0.000,0.000,0.000,0.000,0.000,0.000,0.000,0.000,0.000,0.000
5966,2021-06-29,29.06.2021,0,1,0,0,0,0,0,7,,5841,5842,508,163,164,164,5700,15,3,3,1,0,0,0,4360.420,4361.166,0.000,121.683,2.807,2.808,2.240,2.240,0.000,0.000,0.000,5841,2.240,163,0,0,0,0,1,0,338,364,124,302,283,94,40,80,30,0,0,0,0,0,0,0,0,0,0,0,0,0,0,0,0,0,0,0,0,0,0,0,0,0,0,0,0,0,0,0,0,0,0,0,0,0,0,0,0,0,0,0,0,0,0,0,0,0,0,0,0,0,0,0,0,0,0,0,0,0,0,0,0,0,0,0,0,0,0,0,0,0,0,0,0,0,0,0,0,0,0,0,0,0,0,0,0,0,0,0,0,0,0,0,0,0,0,0,0,0,0,0,0,0,0,0,0,0,0,0,0,0,0,0,0,0,0,0,0,0,0,0,0,0,0,0,0,0,0,0,0,0,0,0,0,0,0,0,0,0,0,0,0,0,0,0,0,0,0,0,0,0,0,0,0,0,0,0,0,0,0,0,0,0,0,0,0,0,0,0,0,0,0,0,0,0,0,0,0,0,0,0,0,0,0,0,0,0,0,0,0,0,0,0,0,0,0,0,0,0,0,0,0,0,0,0,0,0,0,0,0,0,0,1,0,0,0,0,1,0,0,1,0,0,0,0,0,0,0,0,0,0,0,0,0,0,0,0,0,0,0,0,0,0.000,0.000,0.000,0.000,0.000,0.000,0.000,0.000,0.000,0.000,0.000,0.000,0.000,0.000,0.000,0.000,0.000,0.000,0.000,0.000,0.000,0.000,0.000,0.000,0.000,0.000,0.000,0.000,0.000,0.000,0.000,0.000,0.000,0.000,0.000,0.000,0.000,0.000,0.000,0.000,0.000,0.000,0.000,0.000,0.000,0.000,0.000,0.000,0.000,0.000,0.000,0.000,0.000,0.000,0.000,0.000,0.000,0.000,0.000,0.000,0.000,0.000
5966,2021-06-30,30.06.2021,0,0,0,0,0,0,0,3,,5841,5842,508,163,164,164,5700,12,3,2,1,0,0,0,4360.420,4361.166,0.000,121.683,2.807,2.808,2.240,1.493,0.000,0.000,0.000,5841,2.240,163,0,0,0,1,0,0,338,364,124,303,283,94,40,80,30,0,0,0,0,0,0,0,0,0,0,0,0,0,0,0,0,0,0,0,0,0,0,0,0,0,0,0,0,0,0,0,0,0,0,0,0,0,0,0,0,0,0,0,0,0,0,0,0,0,0,0,0,0,0,0,0,0,0,0,0,0,0,0,0,0,0,0,0,0,0,0,0,0,0,0,0,0,0,0,0,0,0,0,0,0,0,0,0,0,0,0,0,0,0,0,0,0,0,0,0,0,0,0,0,0,0,0,0,0,0,0,0,0,0,0,0,0,0,0,0,0,0,0,0,0,0,0,0,0,0,0,0,0,0,0,0,0,0,0,0,0,0,0,0,0,0,0,0,0,0,0,0,0,0,0,0,0,0,0,0,0,0,0,0,0,0,0,0,0,0,0,0,0,0,0,0,0,0,0,0,0,0,0,0,0,0,0,0,0,0,0,0,0,0,0,0,0,0,0,0,0,0,0,0,0,0,0,0,0,0,0,0,0,0,1,0,0,0,0,1,0,0,1,0,0,0,0,0,0,0,0,0,0,0,0,0,0,0,0,0,0,0,0,0,0.000,0.000,0.000,0.000,0.000,0.000,0.000,0.000,0.000,0.000,0.000,0.000,0.000,0.000,0.000,0.000,0.000,0.000,0.000,0.000,0.000,0.000,0.000,0.000,0.000,0.000,0.000,0.000,0.000,0.000,0.000,0.000,0.000,0.000,0.000,0.000,0.000,0.000,0.000,0.000,0.000,0.000,0.000,0.000,0.000,0.000,0.000,0.000,0.000,0.000,0.000,0.000,0.000,0.000,0.000,0.000,0.000,0.000,0.000,0.000,0.000,0.000
5966,2021-07-01,01.07.2021,1,0,0,1,0,0,0,3,,5842,5842,508,164,164,164,5700,8,2,1,1,0,0,0,4361.166,4361.166,0.000,122.429,2.807,2.807,1.493,0.747,0.000,0.000,0.000,5841,2.240,163,0,0,0,0,0,0,338,364,124,303,283,94,40,80,30,0,1,0,0,0,0,0,0,0,0,0,0,0,0,0,0,0,0,0,0,0,0,1,0,0,0,0,0,0,0,0,1,0,0,0,0,0,0,0,0,0,0,0,0,0,0,0,0,0,0,0,0,0,0,0,0,0,0,0,0,0,0,0,0,0,0,0,0,0,0,0,0,0,0,0,0,0,0,0,0,0,0,0,1,0,0,0,0,0,0,0,0,0,1,0,1,0,0,0,0,0,0,0,0,0,0,0,0,0,0,0,0,0,0,0,0,0,0,0,0,0,0,0,0,0,0,0,0,0,0,0,0,0,0,0,0,0,0,0,0,0,0,0,0,0,0,0,0,0,0,0,0,0,0,0,0,0,0,0,0,0,0,0,0,0,0,0,0,0,0,0,0,0,0,0,0,0,0,0,0,0,0,0,0,0,0,0,0,0,0,0,0,0,0,0,0,0,0,0,0,0,0,0,0,0,0,0,0,0,0,0,0,0,0,0,1,0,0,0,1,0,0,0,0,0,0,0,0,0,0,0,0,0,0,0,0,0,0,0,0,0,0,0,0,0.000,0.000,0.000,0.000,0.000,0.000,0.000,0.000,0.000,0.000,0.000,0.000,0.000,0.000,0.000,0.000,0.000,0.000,0.000,0.000,0.000,0.000,0.000,0.000,0.000,0.000,0.000,0.000,0.000,0.000,0.000,0.000,0.000,0.000,0.000,0.000,0.000,0.000,0.000,0.000,0.000,0.000,0.000,0.000,0.000,0.000,0.000,0.000,0.000,0.000,0.000,0.000,0.000,0.000,0.000,0.000,0.000,0.000,0.000,0.000,0.000,0.000
5966,2021-07-02,02.07.2021,0,0,0,0,0,0,0,2,,5842,5842,508,164,164,164,5700,6,2,1,1,0,0,0,4361.166,4361.166,0.000,122.429,2.807,2.807,1.493,0.747,0.000,0.000,0.000,5842,1.493,164,0,0,0,0,0,0,338,364,124,303,283,94,40,80,30,0,0,0,0,0,0,0,0,0,0,0,0,0,0,0,0,0,0,0,0,0,0,0,0,0,0,0,0,0,0,0,0,0,0,0,0,0,0,0,0,0,0,0,0,0,0,0,0,0,0,0,0,0,0,0,0,0,0,0,0,0,0,0,0,0,0,0,0,0,0,0,0,0,0,0,0,0,0,0,0,0,0,0,0,0,0,0,0,0,0,0,0,0,0,0,0,0,0,0,0,0,0,0,0,0,0,0,0,0,0,0,0,0,0,0,0,0,0,0,0,0,0,0,0,0,0,0,0,0,0,0,0,0,0,0,0,0,0,0,0,0,0,0,0,0,0,0,0,0,0,0,0,0,0,0,0,0,0,0,0,0,0,0,0,0,0,0,0,0,0,0,0,0,0,0,0,0,0,0,0,0,0,0,0,0,0,0,0,0,0,0,0,0,0,0,0,0,0,0,0,0,0,0,0,0,0,0,0,0,0,0,0,0,0,0,1,0,0,0,1,0,0,0,0,0,0,0,0,0,0,0,0,0,0,0,0,0,0,0,0,0,0,0,0,0.000,0.000,0.000,0.000,0.000,0.000,0.000,0.000,0.000,0.000,0.000,0.000,0.000,0.000,0.000,0.000,0.000,0.000,0.000,0.000,0.000,0.000,0.000,0.000,0.000,0.000,0.000,0.000,0.000,0.000,0.000,0.000,0.000,0.000,0.000,0.000,0.000,0.000,0.000,0.000,0.000,0.000,0.000,0.000,0.000,0.000,0.000,0.000,0.000,0.000,0.000,0.000,0.000,0.000,0.000,0.000,0.000,0.000,0.000,0.000,0.000,0.000
5966,2021-07-03,03.07.2021,0,0,0,0,0,0,0,1,,5842,5842,508,164,164,164,5700,5,2,1,1,0,0,0,4361.166,4361.166,0.000,122.429,2.807,2.807,1.493,0.747,0.000,0.000,0.000,5842,1.493,164,0,0,0,0,0,0,338,364,124,303,283,94,40,80,30,0,0,0,0,0,0,0,0,0,0,0,0,0,0,0,0,0,0,0,0,0,0,0,0,0,0,0,0,0,0,0,0,0,0,0,0,0,0,0,0,0,0,0,0,0,0,0,0,0,0,0,0,0,0,0,0,0,0,0,0,0,0,0,0,0,0,0,0,0,0,0,0,0,0,0,0,0,0,0,0,0,0,0,0,0,0,0,0,0,0,0,0,0,0,0,0,0,0,0,0,0,0,0,0,0,0,0,0,0,0,0,0,0,0,0,0,0,0,0,0,0,0,0,0,0,0,0,0,0,0,0,0,0,0,0,0,0,0,0,0,0,0,0,0,0,0,0,0,0,0,0,0,0,0,0,0,0,0,0,0,0,0,0,0,0,0,0,0,0,0,0,0,0,0,0,0,0,0,0,0,0,0,0,0,0,0,0,0,0,0,0,0,0,0,0,0,0,0,0,0,0,0,0,0,0,0,0,0,0,0,0,0,0,0,0,1,0,0,0,1,0,0,0,0,0,0,0,0,0,0,0,0,0,0,0,0,0,0,0,0,0,0,0,0,0.000,0.000,0.000,0.000,0.000,0.000,0.000,0.000,0.000,0.000,0.000,0.000,0.000,0.000,0.000,0.000,0.000,0.000,0.000,0.000,0.000,0.000,0.000,0.000,0.000,0.000,0.000,0.000,0.000,0.000,0.000,0.000,0.000,0.000,0.000,0.000,0.000,0.000,0.000,0.000,0.000,0.000,0.000,0.000,0.000,0.000,0.000,0.000,0.000,0.000,0.000,0.000,0.000,0.000,0.000,0.000,0.000,0.000,0.000,0.000,0.000,0.000
5966,2021-07-04,04.07.2021,0,0,0,0,0,0,0,0,,5842,5842,508,164,164,164,5700,5,2,1,1,0,0,0,4361.166,4361.166,0.000,122.429,2.807,2.807,1.493,0.747,0.000,0.000,0.000,5842,1.493,164,0,0,0,0,0,0,338,364,124,303,283,94,0,1,0,0,0,0,0,0,0,0,0,0,0,0,0,0,0,0,0,0,0,0,0,0,0,0,0,0,0,0,0,0,0,0,0,0,0,0,0,0,0,0,0,0,0,0,0,0,0,0,0,0,0,0,0,0,0,0,0,0,0,0,0,0,0,0,0,0,0,0,0,0,0,0,0,0,0,0,0,0,0,0,0,0,0,0,0,0,0,0,0,0,0,0,0,0,0,0,0,0,0,0,0,0,0,0,0,0,0,0,329,566,845,814,832,1067,562,338,364,124,172,300,404,425,408,533,293,160,150,20,2866,157,266,440,389,424,534,269,178,214,104,2975,0,0,0,0,0,0,0,0,0,0,0,4,4,18,15,29,66,60,115,164,33,3,3,8,5,16,42,47,56,83,10,273,1,1,10,10,13,24,13,59,81,23,235,0,0,0,0,1,1,17,35,80,30,0,0,0,0,1,1,16,20,44,4,86,0,0,0,0,0,0,1,15,36,26,78,0,1,0,0,0,1,0,0,0,0,0,0,0,0,0,1,0,0,0,0,0,1,0,0,0,0,0,0,0,0,2659.231,4204.740,5610.890,5143.760,5043.036,4517.167,3240.500,3059.931,4880.665,9756.098,2668.735,4235.493,4969.250,5307.856,4949.054,4427.278,3363.177,3050.524,5167.069,5917.160,4268.311,2648.895,4170.586,6349.206,4975.697,5136.903,4610.603,3116.672,3068.436,4698.134,11146.838,4452.993,0.000,0.000,0.000,0.000,0.120,0.094,3.025,10.355,21.978,24.194,0.000,0.000,0.000,0.000,0.245,0.188,5.461,12.500,29.333,20.000,0.000,0.000,0.000,0.000,0.000,0.000,0.372,8.427,16.822,25.000
